TeamId,Name,Tag,Region,EstablishedDate
8255888,BetBoom Team,BetBoom,Unknown,2000-01-01
7412785,CyberBonch-1,CB,Unknown,2000-01-01
9467224,Aurora Gaming,Aurora,Unknown,2000-01-01
8605863,Cloud9,C9,Unknown,2000-01-01
9572001,PARIVISION,PV,Unknown,2000-01-01
2163,Team Liquid,Liquid,Unknown,2000-01-01
8291895,Tundra Esports,Tundra,Unknown,2000-01-01
9247354,Team Falcons,FLCN,Unknown,2000-01-01
9255706,Aurora.1xBet,Aurora,Unknown,2000-01-01
5228654,VGJ Storm,VGJ.Storm,Unknown,2000-01-01
10108947,SouthAmericaRejects,SAR,Unknown,2000-01-01
9634742,Chimera Esports,CHMR,Unknown,2000-01-01
7554697,Nigma Galaxy,NGX,Unknown,2000-01-01
9823272,Team Yandex,TY,Unknown,2000-01-01
8169775,Geek Fam,Geek,Unknown,2000-01-01
8121295,mudgolems,.,Unknown,2000-01-01
8260983,TSM,TSM,Unknown,2000-01-01
3214108,Team NP,NP,Unknown,2000-01-01
9131584,BB Team,BB,Unknown,2000-01-01
2519319,(monkey) Business,(monkey),Unknown,2000-01-01
7819701,VP.Prodigy,VP.P,Unknown,2000-01-01
9142866,Business Club,bs,Unknown,2000-01-01
8571960,Team Orca,Orca,Unknown,2000-01-01
5,Invictus Gaming,iG,Unknown,2000-01-01
7119388,Team Spirit,TSpirit,Unknown,2000-01-01
8894818,PSG.Quest,Quest,Unknown,2000-01-01
36,Natus Vincere,NAVI,Unknown,2000-01-01
9017006,NAVI Junior,NAVIj,Unknown,2000-01-01
2101260,BigGooooood,BG,Unknown,2000-01-01
9766941,FLIPSTER TALON,FLIPSTRTLN,Unknown,2000-01-01
9964962,GamerLegion,GL,Unknown,2000-01-01
8721219,Darkside,Darkside,Unknown,2000-01-01
6953913,FlyToMoon,FTM,Unknown,2000-01-01
8261500,Xtreme Gaming,XG,Unknown,2000-01-01
8244493,Team SMG,SMG,Unknown,2000-01-01
8597391,Luna Galaxy,LXG,Unknown,2000-01-01
1848158,LV-Gaming,Lv,Unknown,2000-01-01
999689,Titan,Titan,Unknown,2000-01-01
9373270,Night Pulse,NP,Unknown,2000-01-01
9303484,HEROIC,HEROIC,Unknown,2000-01-01
8761147,tam_sme,tam,Unknown,2000-01-01
8255756,Evil Geniuses,EG,Unknown,2000-01-01
6214538,Newbee,Newbee,Unknown,2000-01-01
8599101,Gaimin Gladiators,GG,Unknown,2000-01-01
5229127,Winstrike,Winstrike,Unknown,2000-01-01
4251435,w33ha earthspirit,,Unknown,2000-01-01
9381131,Uzumaki,uzu,Unknown,2000-01-01
543897,Mineski,Mineski,Unknown,2000-01-01
9338413,MOUZ,MOUZ,Unknown,2000-01-01
9080405,Team Zero,Tz,Unknown,2000-01-01
6382242,Thunder Predator,ThunderP,Unknown,2000-01-01
1910985,TeamMalaysia,MY,Unknown,2000-01-01
8254400,beastcoast,bc,Unknown,2000-01-01
9885130,Perú Rejects,PERU,Unknown,2000-01-01
9187066,Team Tickles,TT,Unknown,2000-01-01
3922738," Thunder Awaken ///",Thunder,Unknown,2000-01-01
726228,Vici Gaming,VG,Unknown,2000-01-01
8204512,Neptune Gaming,NG,Unknown,2000-01-01
15,LGD Gaming,LGD,Unknown,2000-01-01
9640842,Team Tidebound,TT,Unknown,2000-01-01
9798195,Cyber Goose,CG,Unknown,2000-01-01
8261818,Hellbear Smashers,SMASH,Unknown,2000-01-01
9018710,Holy Grail,HG,Unknown,2000-01-01
1820360,TEAMERINO TINKERINO,TT,Unknown,2000-01-01
9381678,Apex Genesis,Apex,Unknown,2000-01-01
7553952,Chicken Fighters !,ChFight!,Unknown,2000-01-01
293390,Radical Online X-tremists,RoX.KIS,Unknown,2000-01-01
7203342,Chaos EC,CHAOS,Unknown,2000-01-01
9828897,REKONIX,RKX,Unknown,2000-01-01
1047281,Speed Gaming International,SPG.int,Unknown,2000-01-01
9248240,TeamWaska,WaSka,Unknown,2000-01-01
8168562,INK ICE,,Unknown,2000-01-01
7748744,CR4ZY,CR4ZY,Unknown,2000-01-01
9885654,Team Aureus,,Unknown,2000-01-01
8722443,Ooredoo Thunders,OT,Unknown,2000-01-01
2526472,$5JuNGz$,$5JuNGz$,Unknown,2000-01-01
8574561,Azure Ray,AR,Unknown,2000-01-01
5027210,VGJ Thunder,VGJ.T,Unknown,2000-01-01
3326875,Faceless,fL,Unknown,2000-01-01
8668460,Blacklist Rivalry ,BLR,Unknown,2000-01-01
8962585,Star Foxes ,SF,Unknown,2000-01-01
9594647,PuckChamp,PC,Unknown,2000-01-01
9824702,PARIVISION,PARI,Unknown,2000-01-01
7555613,OG.Seed,OG.S,Unknown,2000-01-01
1883502,Virtus.pro,VP,Unknown,2000-01-01
8980714,Team Tough,TT,Unknown,2000-01-01
8119006,Among Us,AUS,Unknown,2000-01-01
7405754,Positive Guys,PG,Unknown,2000-01-01
8944440,StoRm,StoRm,Unknown,2000-01-01
9255039,1w Team,1w,Unknown,2000-01-01
7424172,T1,T1,Unknown,2000-01-01
3326126,Team VG.J,VG.J,Unknown,2000-01-01
9482900,Рязань-ВДВ,RZN,Unknown,2000-01-01
6209166,Team Aster,Aster,Unknown,2000-01-01
2108395,TNC Predator,TNC,Unknown,2000-01-01
3722973,Team Onyx,Onyx,Unknown,2000-01-01
9283988,Invaders,INV,Unknown,2000-01-01
8143502,4am.小象,,Unknown,2000-01-01
2576071,Yellow Submarine,YeS,Unknown,2000-01-01
416900,Orange.Neolution Esports,Orange,Unknown,2000-01-01
6382740,Royal,Royal,Unknown,2000-01-01
9729720,Virtus.pro,VP,Unknown,2000-01-01
9895392,Virtus.pro,VP,Unknown,2000-01-01
9814008,eSpoiled,eSpoiled,Unknown,2000-01-01
9389381,Team  KEV,KEV,Unknown,2000-01-01
7806386,Quincy Crew,,Unknown,2000-01-01
2635099,CDEC.Y,,Unknown,2000-01-01
8062847,Galaxy Racer Esports,GXR,Unknown,2000-01-01
3586078,Geek Fam,GeekFam,Unknown,2000-01-01
9303383,L1GA TEAM,L1,Unknown,2000-01-01
2621843,Team. Spirit,TSpirit,Unknown,2000-01-01
67,paiN Gaming,paiN,Unknown,2000-01-01
9466943,Team Tea,Tea,Unknown,2000-01-01
8261234,CREEPWAVE,CREEP,Unknown,2000-01-01
9593895,Gaozu,,Unknown,2000-01-01
7118032,Winstrike Team,Winstrike,Unknown,2000-01-01
41,4 Friends + Chrillee,4FC,Unknown,2000-01-01
9255238,ESTAR_BACKS,StarBackus,Unknown,2000-01-01
8728920,nouns,nouns,Unknown,2000-01-01
55,_PowerRangers,PR,Unknown,2000-01-01
6685591,ViKin.gg,Vikin.gg,Unknown,2000-01-01
8975678,Team Sexy,Sexy,Unknown,2000-01-01
4288603,Rock.Young,Rock.Y,Unknown,2000-01-01
9263388,The dudley boys,,Unknown,2000-01-01
9758040,Runa Team,RT,Unknown,2000-01-01
9238717,Team 13,T13,Unknown,2000-01-01
2006913,Vega Squadron,Vega,Unknown,2000-01-01
4,EHOME,EHOME,Unknown,2000-01-01
7681441,business associates,business,Unknown,2000-01-01
1025734,LUCCINI GAM1NG,Luccini,Unknown,2000-01-01
1803996,NAM VEZET-MI IGRAEM,NVMI,Unknown,2000-01-01
1556884,AftershockGaming Int.,aShock,Unknown,2000-01-01
9201870,ROR,ROR,Unknown,2000-01-01
2006291,Lajons,,Unknown,2000-01-01
1453020,Sneaky Nyx Assassins,Nyx,Unknown,2000-01-01
8482814,Ragdoll,Ragdoll,Unknown,2000-01-01
8750317,Team Sphinx,TSX,Unknown,2000-01-01
39,Shopify Rebellion,SR,Unknown,2000-01-01
9691969,Team Nemesis,NMSS,Unknown,2000-01-01
8145157,Yellow Submarine,YeS,Unknown,2000-01-01
2780729,G.star,GS,Unknown,2000-01-01
8597976,Talon,TALON,Unknown,2000-01-01
2586976,OG,OG,Unknown,2000-01-01
3332295,Friends,Friends,Unknown,2000-01-01
5167450,boths,,Unknown,2000-01-01
5466118,YOSHIMOTO.DETONATOR,DTN,Unknown,2000-01-01
8261648,Old G,Old.G,Unknown,2000-01-01
4425527,Geek Fam,GeekFam,Unknown,2000-01-01
8021940,New Esports,NEW,Unknown,2000-01-01
8282268,Chadou Fint,SF,Unknown,2000-01-01
8514342,Infamous Uesports,Inf.U,Unknown,2000-01-01
1283482,Scythe.SG-,SCYTHE,Unknown,2000-01-01
9054352,Fortnite,alt,Unknown,2000-01-01
38,FnaticRaidCall,Fntc,Unknown,2000-01-01
1836806,the wings gaming,Wings,Unknown,2000-01-01
6904594,TEAM TEAM,tt,Unknown,2000-01-01
1277104,Nvidia.ArrowGaming.AVF,Arrow,Unknown,2000-01-01
6298307,The Pango,ThePango,Unknown,2000-01-01
6951036,Cignal Ultra Warriors,CUW,Unknown,2000-01-01
8203841,DestroyItems,DI,Unknown,2000-01-01
9744330,Somos Nós a Justiça,SNJ,Unknown,2000-01-01
2714312,Aggressive 5,A5,Unknown,2000-01-01
8086218,TEAM BRASIL,BR,Unknown,2000-01-01
1087145,Osliki Gaming,OsG,Unknown,2000-01-01
8214850,BLEED,BLEED ,Unknown,2000-01-01
9699158,tearlaments,TT,Unknown,2000-01-01
9419759,universitario,UNV,Unknown,2000-01-01
9467430,Blacklist International,BLCK,Unknown,2000-01-01
6209804,Antarctic Penguins,AP,Unknown,2000-01-01
3580606,SG e-sports,SG,Unknown,2000-01-01
3326680,Horde,Horde,Unknown,2000-01-01
7653600,Aggressive Mode,A-Mode,Unknown,2000-01-01
7959677,Cow boys,Coy boys,Unknown,2000-01-01
166,Scenario,,Unknown,2000-01-01
8936210,Outsiders From CN,OFC,Unknown,2000-01-01
8390848,ITB.Shuffle,ITB,Unknown,2000-01-01
8160726,4Fun,4Fun,Unknown,2000-01-01
1773539,Battle Zone-,Bz,Unknown,2000-01-01
8962689,Star Foxes,Star Fox,Unknown,2000-01-01
8310936,Wayfarers,Way,Unknown,2000-01-01
6666989,Chaos Esports Club,CHAOS,Unknown,2000-01-01
1079149,SIGMA.int,SIGMA,Unknown,2000-01-01
4372042,Team Freedom,Freedom,Unknown,2000-01-01
5994455,Team Orca,Orca,Unknown,2000-01-01
111474,Alliance,Alliance,Unknown,2000-01-01
9790546,TEAM NEXT LEVEL,TNL,Unknown,2000-01-01
4593831,Planet Dog,,Unknown,2000-01-01
9448501,TEAM TURTLE,,Unknown,2000-01-01
1375614,Newbee,Newbee,Unknown,2000-01-01
1531850,North American Rejects,NAR,Unknown,2000-01-01
10081680,GLYPH,GLYPH,Unknown,2000-01-01
1059824,Dream time.,DT,Unknown,2000-01-01
9692104,Nethercore,,Unknown,2000-01-01
8083854,cuteanimegirls,cute,Unknown,2000-01-01
2640099,Shazam~,Shazam,Unknown,2000-01-01
8597594,GrindSky Esports,GS,Unknown,2000-01-01
2626685,KEEN GAMING,KG,Unknown,2000-01-01
1866993,T.O.T,SPG.NT,Unknown,2000-01-01
134900,iCCup Team,iCCup,Unknown,2000-01-01
8747056,Virtus.pro2,VP2,Unknown,2000-01-01
9928636,Team Lynx,LYNX,Unknown,2000-01-01
20,Newbee.mgb,,Unknown,2000-01-01
8750069,Gorilla,,Unknown,2000-01-01
1370482,Doggy Team,DOG,Unknown,2000-01-01
1271771,Zero Latitude,ZL,Unknown,2000-01-01
8172168,mudgolems,mg,Unknown,2000-01-01
8835624,Team Sangre,T.Sangre,Unknown,2000-01-01
8075993,For The Dream,,Unknown,2000-01-01
5725202,Wind and Rain,WaR,Unknown,2000-01-01
9600141,Zero Tenacity,Z10,Unknown,2000-01-01
8680612,noMERCY,noMERCY,Unknown,2000-01-01
1194815,Dwayne 'The John' Rockson,THE ROCK,Unknown,2000-01-01
2642171,Team AD FINEM,AF,Unknown,2000-01-01
6391499,ReckoninG eSports ,R|G,Unknown,2000-01-01
9547255,Bandanoone,,Unknown,2000-01-01
8951348,fire beavers,FBeavers,Unknown,2000-01-01
9850944,Kalmychata,Kalm,Unknown,2000-01-01
8998465,TpaBoMaH,TpaBa,Unknown,2000-01-01
6019885,Godlike E-Sports,GODLIKE,Unknown,2000-01-01
4010914,Pariente Gaming ,PG,Unknown,2000-01-01
9885667,Team Tea,tea,Unknown,2000-01-01
9303076,Ninja Penguins,NP,Unknown,2000-01-01
9744229,Team Den,TD,Unknown,2000-01-01
2085365,-Ninjas-in-Pyjamas-,NiP,Unknown,2000-01-01
2780911,Eagles GIGABYTE,Eagles,Unknown,2000-01-01
9646485,Jigglin,Jigglin,Unknown,2000-01-01
9545759,Waska,Waska,Unknown,2000-01-01
3715574,SG e-sports team,SG,Unknown,2000-01-01
3331948,LGD.Forever Young,LFY,Unknown,2000-01-01
9956508,Team Public,,Unknown,2000-01-01
1951061,Newbee.Young,Newbee.Y,Unknown,2000-01-01
990533,MeeT YouR Mak3rS,mYm,Unknown,2000-01-01
2555665,Archon Dota,Archon,Unknown,2000-01-01
3722485,B)ears,B),Unknown,2000-01-01
8112124,Brame,BR,Unknown,2000-01-01
7121264,PANDA GAMING,PG,Unknown,2000-01-01
5017210,Team Resilience,Resilience,Unknown,2000-01-01
626763,AllianceGG,[A],Unknown,2000-01-01
2552118,FTD club a,FTD.a,Unknown,2000-01-01
3317512,DUOBAO Young,DUOBAO.Y,Unknown,2000-01-01
8132093,01 Esports,01,Unknown,2000-01-01
9017079,Piggy Killer,,Unknown,2000-01-01
2585896,eEriness!,eE,Unknown,2000-01-01
2346476,LEGIO VICTRIX !,lv,Unknown,2000-01-01
7731375,Neets Uprising,Neets,Unknown,2000-01-01
995682,SuperStrongDinosaurs,SSD,Unknown,2000-01-01
9279103,Business club,BC,Unknown,2000-01-01
3325212,Natural 9,N9,Unknown,2000-01-01
8374752,Tapan Gaming,TPN,Unknown,2000-01-01
9337731,LEVIATAN,LEV,Unknown,2000-01-01
6849739,Ωmega Gaming,Ωmega,Unknown,2000-01-01
8058269,Clown City,CC,Unknown,2000-01-01
6189996,Lotac,LOTAC,Unknown,2000-01-01
8621525,barsa,1525,Unknown,2000-01-01
9450071,Fusion Esports,FSN,Unknown,2000-01-01
2789717,Polarity Dota 2,Polarity,Unknown,2000-01-01
7777322,Oshi hi teo Gaming,OG,Unknown,2000-01-01
9593609,Nethercore,NC,Unknown,2000-01-01
9664724,ITB.Shuffle,ITB.S,Unknown,2000-01-01
1061269,Vivo Keyd Stars,VKS,Unknown,2000-01-01
689412,"Team ""SEX""",sex,Unknown,2000-01-01
8456656,lowkees,lwkk,Unknown,2000-01-01
9652147,Looking for Org,LFO,Unknown,2000-01-01
6491135,Flying Penguins,FP,Unknown,2000-01-01
8936568,МГАФК,МГАФК,Unknown,2000-01-01
9414800,Business Club,bc,Unknown,2000-01-01
498033,FXOpen E-Sports,FXO,Unknown,2000-01-01
9175127,Generation of Miracles,GeoM,Unknown,2000-01-01
8858106,Unity Gaming,,Unknown,2000-01-01
9850048,CHEFBRAND TEAM,СБ,Unknown,2000-01-01
8789578,vezzra,vezzra,Unknown,2000-01-01
2880140,Fire Dragoon,FDG,Unknown,2000-01-01
8089675,Escape Velocity,EV,Unknown,2000-01-01
2659468,WG.Unity,歪歪僾輻ЧЧ ƒ·控,Unknown,2000-01-01
6929895,Pejuang Dota Badung,PDB,Unknown,2000-01-01
9470838,Infinity,,Unknown,2000-01-01
8261554,Army Geniuses Mansion ,AGM,Unknown,2000-01-01
5067988,ROG TiTans,ROG,Unknown,2000-01-01
1286339,Arizona Iced Out Boys,sad,Unknown,2000-01-01
9366499,KEV,,Unknown,2000-01-01
9629459,OTHERS,OTHERS,Unknown,2000-01-01
8634419,«444» Squad,«444»,Unknown,2000-01-01
8022392,One More Game,OMG,Unknown,2000-01-01
6905300,Reels Royce,RR,Unknown,2000-01-01
7732977,BOOM Esports,BOOM,Unknown,2000-01-01
9586420,KIBA ARMS,KIBA,Unknown,2000-01-01
2783913,Escape Gaming,ESC,Unknown,2000-01-01
7542619,GALKYNYSH,GLKN,Unknown,2000-01-01
8724984,Virtus.pro,VP,Unknown,2000-01-01
5895083,Athletico,/A/,Unknown,2000-01-01
2552670,Prodota Gaming,PD,Unknown,2000-01-01
7344577,Gang Bang,GB,Unknown,2000-01-01
6736502,Fourzerozone,40z,Unknown,2000-01-01
8944302,Myth Avenue Gaming,MAG,Unknown,2000-01-01
8360138,Neon Esports,neon,Unknown,2000-01-01
468458,E.C.,EC,Unknown,2000-01-01
680683,Quantic|Gaming,Quantic,Unknown,2000-01-01
2244697,Team Archon,Archon,Unknown,2000-01-01
5000254,ForTheDream,FTD,Unknown,2000-01-01
5138280,Signify,Signify,Unknown,2000-01-01
8161113,Live to Win,LTW,Unknown,2000-01-01
9500213,Bruv123,Bruv,Unknown,2000-01-01
1410456,TeamCoast,mmc,Unknown,2000-01-01
9545744,Team Kukuys,Kukuys,Unknown,2000-01-01
7937681,DestroyItems,DI,Unknown,2000-01-01
8230491,TEAM DOG,,Unknown,2000-01-01
3547682,Team VGJ,VGJ,Unknown,2000-01-01
8428953,Sinister 5,Sin5,Unknown,2000-01-01
7404529,Reality Rift,RR ,Unknown,2000-01-01
7355202,0-900,Ceros&99,Unknown,2000-01-01
5407259,TNC Tigers,Tigers,Unknown,2000-01-01
6465690,Team Fantech,,Unknown,2000-01-01
10108713,Breeki Cheeki,,Unknown,2000-01-01
2512249,123,123,Unknown,2000-01-01
10019843,Inner Circle x Insanity,ICxI,Unknown,2000-01-01
6796511,Saints ID,Saints,Unknown,2000-01-01
8697328,Please dont gank my carry,gnk,Unknown,2000-01-01
1848465,LaiGaming,LaiG,Unknown,2000-01-01
1256674,XPC International,XPC.Int,Unknown,2000-01-01
7441136,beastcoast,bc,Unknown,2000-01-01
9477537,52turbo,52turbo,Unknown,2000-01-01
7359917,Lowkey,LK,Unknown,2000-01-01
4426165,xxX,Signify,Unknown,2000-01-01
9635124,M80,M80,Unknown,2000-01-01
9677587,V for Vendeta,V,Unknown,2000-01-01
9664371,gazovatorbl,gaz,Unknown,2000-01-01
9005165,Star Foxes,SF,Unknown,2000-01-01
4186376,Team Singularity,SNG,Unknown,2000-01-01
7556672,TEMPO,TMP,Unknown,2000-01-01
5051649,Immortals,IMT,Unknown,2000-01-01
6306453,WarriorsGaming.Unity,WG.Unity,Unknown,2000-01-01
3785359,BOOM ID,BOOM,Unknown,2000-01-01
9142627,Business Club,BC,Unknown,2000-01-01
7586931,Avengers,A,Unknown,2000-01-01
3259983,Emit Lortnoc Boss,ETLC Boss,Unknown,2000-01-01
9148266,AcatSuki,CAT,Unknown,2000-01-01
8563718,WildDeer,WD,Unknown,2000-01-01
9499095,Legacy,LGCY,Unknown,2000-01-01
7669103,Cyber Legacy,CL,Unknown,2000-01-01
8638867,Easy Gaming,,Unknown,2000-01-01
9346249,Geek Fam,GeekFam,Unknown,2000-01-01
9079676,Los moticucos,PARK,Unknown,2000-01-01
6187657,Plae8 Neon,neon,Unknown,2000-01-01
2787008,Corgi in a Team,Ciat,Unknown,2000-01-01
3706823,G4,G4,Unknown,2000-01-01
1556150,SPNV Inspire return,SPNV,Unknown,2000-01-01
7716206,Clcombat Team,,Unknown,2000-01-01
5040783,Immortals,IMT,Unknown,2000-01-01
1838315,Team Secret,Secret,Unknown,2000-01-01
5992560,Infamous Young,Infamous Y,Unknown,2000-01-01
1236083,FelMysT,,Unknown,2000-01-01
8168302,Forest,Forest,Unknown,2000-01-01
9716354,Tech Free Gaming,TFG,Unknown,2000-01-01
8790102,Anime Enjoyers,AE,Unknown,2000-01-01
8598633,Moneymakers,MM,Unknown,2000-01-01
6876721,Hans Pro Gaming,HPG,Unknown,2000-01-01
8589016,Team WANKA,T.Wanka,Unknown,2000-01-01
1371515,Aware.Gaming,Aware,Unknown,2000-01-01
9546437,KUKUYS 2.0,KK2.0,Unknown,2000-01-01
10000352,Rottweilas,RTW,Unknown,2000-01-01
9678064,Moodeng Warriors,Mood,Unknown,2000-01-01
8151879,Among Us,,Unknown,2000-01-01
7391166,Fighting Pepegas,FP,Unknown,2000-01-01
8261774,V-Gaming,V,Unknown,2000-01-01
1513164,aSpera ESports,aSpera,Unknown,2000-01-01
2384932,Team OvP.,TOvP,Unknown,2000-01-01
9298291,Acatsuki,,Unknown,2000-01-01
6214973,Ninjas in Pyjamas,NiP,Unknown,2000-01-01
9216247,ASAKURA,ASAKURA,Unknown,2000-01-01
7101255,Revenge Gaming,,Unknown,2000-01-01
5014799,Nemiga Gaming,Nemiga,Unknown,2000-01-01
8970358,mind takers,MT,Unknown,2000-01-01
9600942,WIN,GT,Unknown,2000-01-01
1642908,Natus Vincere US,Na`Vi US,Unknown,2000-01-01
534136,New Guys,NG,Unknown,2000-01-01
1846548,HellRaisers,HR,Unknown,2000-01-01
2101368,LaDottA's Stacks,LaD,Unknown,2000-01-01
9254358,Legacy,,Unknown,2000-01-01
8721917,shelbywalk,shelbywalk,Unknown,2000-01-01
8131438,4AM,4AM,Unknown,2000-01-01
8193609,Come down,CD,Unknown,2000-01-01
9957138,Stariy_Bog,Stariy_Bog,Unknown,2000-01-01
10095351,BloodyRose,,Unknown,2000-01-01
9256222,Wawitas sagazes,Wawitas,Unknown,2000-01-01
9895247,Rune Eaters,RE,Unknown,2000-01-01
8193681,Team Thailand,THA,Unknown,2000-01-01
2224197,G Guard Esports,G Guard,Unknown,2000-01-01
1366458,R a v e,Rave,Unknown,2000-01-01
8375459,rush b!,,Unknown,2000-01-01
9368468,Twisted Minds,Twis,Unknown,2000-01-01
8856125,Ancient Tribe2,ATT,Unknown,2000-01-01
10020555,PlayTime,PlayTime,Unknown,2000-01-01
9224799,NoMuerta,NM,Unknown,2000-01-01
8062738,egoboys,ego,Unknown,2000-01-01
8375259,Infinity,Infinity,Unknown,2000-01-01
6615678,Room310,,Unknown,2000-01-01
9593627,Titan,,Unknown,2000-01-01
5194336,DeathBringer Gaming,DBG,Unknown,2000-01-01
485526,Life.,Life,Unknown,2000-01-01
2390951,Kanaya,Kanaya,Unknown,2000-01-01
7453020,Aster.Aries,Aries,Unknown,2000-01-01
8496030,Furia Jovem,FJ,Unknown,2000-01-01
5155538,Рыцари Hiden pool'а,gena ls,Unknown,2000-01-01
9949210,loodowolfs,lw,Unknown,2000-01-01
2395241,Artyk Dota,Artyk,Unknown,2000-01-01
9824497,Team Yakuza,YKZ,Unknown,2000-01-01
7930695,FAMILY TEAM,FT,Unknown,2000-01-01
3349045,Σ(っ°Д°;)っ,Σ(っ°Д°;)っ,Unknown,2000-01-01
3851150,NoLogic Gaming,NLG,Unknown,2000-01-01
8893633,STUDIO21,STUDIO21,Unknown,2000-01-01
2,Zenith,Zenith,Unknown,2000-01-01
10040534,Greyhound Team,GHT,Unknown,2000-01-01
9829468,100MMR,100MMR,Unknown,2000-01-01
5084724,Newbee.M,Newbee.M,Unknown,2000-01-01
2349091,TODOPORELPOD,TXP,Unknown,2000-01-01
6908054,MT Gaming,MT,Unknown,2000-01-01
6925812,EStolis Team,EST,Unknown,2000-01-01
7422789,9Pandas,9Pandas,Unknown,2000-01-01
6269097,TAYO LOVERS,,Unknown,2000-01-01
9818882,Стак который ебет,SKE,Unknown,2000-01-01
53,Potm Bottom,PB,Unknown,2000-01-01
7681903,IO Dota2,IO,Unknown,2000-01-01
9885888,KUKUYS,KKYS,Unknown,2000-01-01
8581305,Lava BestPc,Lava,Unknown,2000-01-01
7641673,Aggressive Mode.,A-Mode,Unknown,2000-01-01
3018001,"     ",,Unknown,2000-01-01
7098928,Adroit,Adroit,Unknown,2000-01-01
5270154,Team Russia,,Unknown,2000-01-01
9351740,Yakult Brothers,YB,Unknown,2000-01-01
5011202,Coloss,Coloss,Unknown,2000-01-01
8168546,FTD.C.Club,,Unknown,2000-01-01
9373877,Team Darleng,TD,Unknown,2000-01-01
3327985,RaveDota,Rave,Unknown,2000-01-01
1679554,Imba Gaming Vietnam,IMBA,Unknown,2000-01-01
6265062,Se7en Esports,S7E,Unknown,2000-01-01
4147900,15 añitoz,15añitoz,Unknown,2000-01-01
9849484,Ягодки,RGD]],Unknown,2000-01-01
9791362,Ramzes team,Ramzes,Unknown,2000-01-01
10129287,В-Восхитительный,VV,Unknown,2000-01-01
8133097,Golden Legacy ,GL,Unknown,2000-01-01
2197847,Burden United,BU,Unknown,2000-01-01
42,Orange E-Sports,Orange,Unknown,2000-01-01
6355223,MalaWarrior,Mala,Unknown,2000-01-01
8300363,SADBOYS.2,x(2,Unknown,2000-01-01
464103,Danish Bears,DB,Unknown,2000-01-01
8443160,meow meow,,Unknown,2000-01-01
8063508,Adió Chula,Adió,Unknown,2000-01-01
3747558,NoTricks,NT,Unknown,2000-01-01
7156567,Sacred Monarch Cult,SS,Unknown,2000-01-01
7751001,DeathWish,DW,Unknown,2000-01-01
9476778,Eye Gaming,EYE,Unknown,2000-01-01
9572357,Студените,СТУД,Unknown,2000-01-01
6926667,Room310,,Unknown,2000-01-01
3262512,ThePrime,TP.NND,Unknown,2000-01-01
8351318,férias com ex,ex,Unknown,2000-01-01
8021531,CYBERIUM.S,CYBERIUM,Unknown,2000-01-01
8152371,draingang,drain,Unknown,2000-01-01
9505239,Rakuzan,Rakuzan,Unknown,2000-01-01
7574786,infinite tsukuyomi,ITS,Unknown,2000-01-01
9309009,DARLENG,DARLENG,Unknown,2000-01-01
7119284,Power of MYSG+AU,MYSGAU,Unknown,2000-01-01
6711290,Team Singularity,SNG,Unknown,2000-01-01
7483893,Fighting PandaS,FP,Unknown,2000-01-01
8252662,BINUS University,BINUS,Unknown,2000-01-01
5209335,Orginality,ORg,Unknown,2000-01-01
9609099,Rakuzan,Rakuzan,Unknown,2000-01-01
6822187,SS DARVIN LOPERS,DL,Unknown,2000-01-01
7300685,Team Drinking,TD,Unknown,2000-01-01
6644139,Willow.Gaming,WG,Unknown,2000-01-01
7822261,Yolo Knight,yK-,Unknown,2000-01-01
4958284,Greedy Goblins,GG,Unknown,2000-01-01
6382770,Nikcastrum,NC,Unknown,2000-01-01
9256136,Bammysoy,BS,Unknown,2000-01-01
7543171,Manaburn,Manaburn,Unknown,2000-01-01
8375466,Motivate. Viper Gaming,MVG,Unknown,2000-01-01
8850016,FLYING FORTUNE,Ff,Unknown,2000-01-01
9455993,повер ренджерс,,Unknown,2000-01-01
9079901,The last dark,,Unknown,2000-01-01
9229377,DemiGods,DG,Unknown,2000-01-01
10088088,Team stariy bog,stariy bog,Unknown,2000-01-01
2850822,King Arthur & 4 Knights,KaK,Unknown,2000-01-01
8927141,tatladderclan,tatladder,Unknown,2000-01-01
9330146,Sporkface Killaz Div2,,Unknown,2000-01-01
6953026,Butterfly Effec,bfLy,Unknown,2000-01-01
9872667,Pipsqueak+4,PIPS4,Unknown,2000-01-01
9403748,Dragon Esports Club,DEC,Unknown,2000-01-01
3260216,Team HighGround,HG,Unknown,2000-01-01
484909,Hyper Glory Team,HGT,Unknown,2000-01-01
7443956,Black Knight,,Unknown,2000-01-01
9098294,Carstensz Esports,Carstensz,Unknown,2000-01-01
9216658,Lion Lover,LL,Unknown,2000-01-01
8496219,Khan esports,Khan,Unknown,2000-01-01
9554242,Play for Fun,P4F,Unknown,2000-01-01
8597509,Teletubbies,,Unknown,2000-01-01
8701706,Zorka,Zorka,Unknown,2000-01-01
9381358,Estar Backs!,EBs,Unknown,2000-01-01
883783,Stay - Free,sF,Unknown,2000-01-01
7137328,Team Anvorgesa,anvorgza,Unknown,2000-01-01
7472412,Park Bo Cuan,PBC,Unknown,2000-01-01
3725701,Happy  Feet,HF,Unknown,2000-01-01
8975618,Old But Gold,OBG,Unknown,2000-01-01
8927441,INFINITY,,Unknown,2000-01-01
5231224,Rex Regum Qeon,RR.QEON,Unknown,2000-01-01
9928746,Most Wanted,MW,Unknown,2000-01-01
7498762,Team Oracle.YOUTH,OCY,Unknown,2000-01-01
9247260,YodiBrodi Nexus Future,YodiBrodi,Unknown,2000-01-01
1616631,Flip.Sid3 Tactics NA,F3.NA,Unknown,2000-01-01
1288401,R A V E N,Raven,Unknown,2000-01-01
1736743,Elysium!,Elysium,Unknown,2000-01-01
9352756,Me Parb,MP,Unknown,2000-01-01
9790570,nouns,nouns,Unknown,2000-01-01
2833354,Vici Gaming Potential,VG.P,Unknown,2000-01-01
2257957,LINCENCIADOS,LINCES,Unknown,2000-01-01
7913999,Midas Club,Midas,Unknown,2000-01-01
9176102,Team Arava,ARAVA,Unknown,2000-01-01
2799801,KanayaGaming,KG,Unknown,2000-01-01
7391558,BOSS ANDRE,BA,Unknown,2000-01-01
1648005,Inter Active Philippines,IAP,Unknown,2000-01-01
8080754,Panda5,Panda5,Unknown,2000-01-01
8936382,Indonesia,IDN,Unknown,2000-01-01
8732399,pangolier s javelinom,43X,Unknown,2000-01-01
9175367,Business Club,bc,Unknown,2000-01-01
9824806,捕畜小分队,,Unknown,2000-01-01
8556648,Osh-Tekk Warriors,OTW,Unknown,2000-01-01
2136210,Leetss Do It,asd,Unknown,2000-01-01
8606828,Wildcard,WC,Unknown,2000-01-01
9729767,BloodyRose,BR,Unknown,2000-01-01
8318683,IVY,IVY,Unknown,2000-01-01
6658560,Guardian Gaming,GG,Unknown,2000-01-01
9277978,内蒙古的星空,DLG,Unknown,2000-01-01
9776488,哈哈先生,HHGGBooM！,Unknown,2000-01-01
9187132,MAG.ID,MAG.ID,Unknown,2000-01-01
8495691,TEAM TEAM,TT,Unknown,2000-01-01
9824555,BULDOZER,Бульдозер,Unknown,2000-01-01
7893914,TEAM SIDERAL,SKERES ,Unknown,2000-01-01
688388,ThePrimeSIAPA?!,TPSIAPA?,Unknown,2000-01-01
9476852,UZUMAKI,Uzumaki,Unknown,2000-01-01
8406333,kastuDon,kastuDon,Unknown,2000-01-01
8638425,Kinkalow,KKL,Unknown,2000-01-01
161707,mouz,mouz,Unknown,2000-01-01
7218194,FrozenDawn Club,FD,Unknown,2000-01-01
1949879,Proxima E-Sports,Proxima,Unknown,2000-01-01
1929695,KappaGam!ng,Kappa,Unknown,2000-01-01
6904952,Dark Sided,DS,Unknown,2000-01-01
9957513,Ballas,Ballas,Unknown,2000-01-01
9867013,teamMopsi,mopsi,Unknown,2000-01-01
8261882,felt,felt,Unknown,2000-01-01
2275267,TELL WHY_ANIME?,TWA,Unknown,2000-01-01
7454504,Demon Esport,DME,Unknown,2000-01-01
1718551,ROOT-gaming.com,,Unknown,2000-01-01
9103873,Infamous Astra,infamous.A,Unknown,2000-01-01
8856078,Balrogs Academy™,Balrogs.A,Unknown,2000-01-01
8384158,Into The Breach,ITB,Unknown,2000-01-01
7528264,bmstu,bmstu,Unknown,2000-01-01
7801839,Paladin,,Unknown,2000-01-01
805172,Avant Garde Gaming,Avant,Unknown,2000-01-01
9743822,Teiko,,Unknown,2000-01-01
8048279,Egoboys,EGO,Unknown,2000-01-01
5946837,Galkynysh,GLKN,Unknown,2000-01-01
9162109,North Macedonia,MKD,Unknown,2000-01-01
6951684,M11 SLAYERS,M11SLAYERS,Unknown,2000-01-01
8741331,Atomic Esports,Atomic,Unknown,2000-01-01
1884355,Void Boys,VB,Unknown,2000-01-01
9460640,ValenTiny,tiny,Unknown,2000-01-01
9678463,Estar Backs,EB,Unknown,2000-01-01
3008699,Los Magikarps,Karp,Unknown,2000-01-01
8039920,Backstab Boys,STABS,Unknown,2000-01-01
6350308,"Team ""ENEMY""",ENEMY,Unknown,2000-01-01
8756744,Crayon Shin-chan,CSC,Unknown,2000-01-01
9467024,Dominion,,Unknown,2000-01-01
2019384,[Flip.Sid3 Tactics],[F.3],Unknown,2000-01-01
9878408,Elite Eclipse,,Unknown,2000-01-01
6685947,AQuaMan,AQM,Unknown,2000-01-01
6409189,Team Empire Hope,EmpireH,Unknown,2000-01-01
8077147,Omegalil,Omega,Unknown,2000-01-01
733290,DoTa GoD SLaYeRs,[DGS],Unknown,2000-01-01
5219214,BG,,Unknown,2000-01-01
7958190,eu vou estudo,enem,Unknown,2000-01-01
8936402,Team Thailand,THA,Unknown,2000-01-01
5896332,Sterling Global Dragons,SGD,Unknown,2000-01-01
1665758,羊村,FGK,Unknown,2000-01-01
6212920,Winstrike Team,Winstrike,Unknown,2000-01-01
8741737,Team Sphinxx,Ts,Unknown,2000-01-01
6685839,FANTASTIC ,F5,Unknown,2000-01-01
8980561,Block Roar Esports,Block,Unknown,2000-01-01
9547653,Castawake ,,Unknown,2000-01-01
2413439,Team SatuDuaTiga,123,Unknown,2000-01-01
8575071,NoMarci,NoMarci,Unknown,2000-01-01
7612347,Panda Gaming,,Unknown,2000-01-01
2676492,Virus Nirvana,VirusN,Unknown,2000-01-01
1148284,MVP Phoenix,MVP,Unknown,2000-01-01
6411545,Team DOGE,DOGE,Unknown,2000-01-01
4542817,Washed Up,WashedUp,Unknown,2000-01-01
7153614,top1sng,top1sng,Unknown,2000-01-01
8262059,DALANJING GAMING,DG,Unknown,2000-01-01
2276247,Mamas-Boys,MB,Unknown,2000-01-01
4009019,Fox Gaming Youth,FoxY,Unknown,2000-01-01
9449748,DMS,DMS,Unknown,2000-01-01
5269247,Team Hellas,HELLAS,Unknown,2000-01-01
9323850,Chompers X,Chomp,Unknown,2000-01-01
8124688,Kylin Esports Club,Kylin,Unknown,2000-01-01
7894580,miaww^^,miaww^^,Unknown,2000-01-01
9834249,Ji est'',.Jst,Unknown,2000-01-01
5207190,Admiral Dota,Admiral,Unknown,2000-01-01
9797234,Team Sin Compromiso,[TSC],Unknown,2000-01-01
9011262,STARFAll,STARFAll |,Unknown,2000-01-01
8893663,Design Machine,DesignM,Unknown,2000-01-01
5992206,KSY,KSY,Unknown,2000-01-01
433549,TheRerereTRY,TR,Unknown,2000-01-01
5242529,Unchained Esports,UNC,Unknown,2000-01-01
1994818,We Got Late Game,LATEGAME,Unknown,2000-01-01
9472684,CR4ZY,CR4ZY,Unknown,2000-01-01
9499428,skem&friends,,Unknown,2000-01-01
8546012,Celestials,CS,Unknown,2000-01-01
9563849,Prodigy of God,pog,Unknown,2000-01-01
1464407,Immunity Dota,iM,Unknown,2000-01-01
8118197,Infamous Gaming,INF,Unknown,2000-01-01
8726159,Taw Gang,TG,Unknown,2000-01-01
7542075,escape,aom,Unknown,2000-01-01
8415816," Team HaliFFat",DaGG,Unknown,2000-01-01
9849814,山东好男人,,Unknown,2000-01-01
9395449,Outcast,OC,Unknown,2000-01-01
9736257,Roselia,,Unknown,2000-01-01
4010559,Team Quetzal,QzL,Unknown,2000-01-01
7284811,No Fucking Name,NFN,Unknown,2000-01-01
367492,Revenge-,RvG,Unknown,2000-01-01
3968479,PODKONÍ A KRÁVA,PaK,Unknown,2000-01-01
8726547,Deboosters,,Unknown,2000-01-01
8070452,Team Caspium,CASPIUM,Unknown,2000-01-01
7819028,4 Zoomers,4Zs,Unknown,2000-01-01
1589592,Balkan Bears Corleone,BBC,Unknown,2000-01-01
7599541,Holy Masters,HM,Unknown,2000-01-01
7851888,CZC.eSuba,eSuba,Unknown,2000-01-01
8713367,Vanguard 36,V36,Unknown,2000-01-01
5028104,VGJ Storm,VGJ,Unknown,2000-01-01
7554277,jakiro,,Unknown,2000-01-01
7794384,QuestionMark,Hashtag?,Unknown,2000-01-01
672504,Hurricane Festival,HF,Unknown,2000-01-01
992400,Team Underminer,UDMN,Unknown,2000-01-01
6492310,KAMI TAMPAN SEKALI,KATSE,Unknown,2000-01-01
2833068,GodGenesis,Gg,Unknown,2000-01-01
10108600,Clown Crew,CC,Unknown,2000-01-01
8732747,LUNA GAMING,LUNA,Unknown,2000-01-01
7316976,Whoops!,Whoops!,Unknown,2000-01-01
10088186,Teiko,Teiko,Unknown,2000-01-01
1325243,Team Phoenix Rising,PHX,Unknown,2000-01-01
5148271,Minas Club,Minas,Unknown,2000-01-01
4253054,Team Random,Random,Unknown,2000-01-01
6761014,Aging Rapu,AR,Unknown,2000-01-01
8502728,KPFU-2,ICMIT,Unknown,2000-01-01
8597183,Summit Gaming,Summit,Unknown,2000-01-01
8680140,Team ScorpioN,,Unknown,2000-01-01
8944766,TRocket,TrT,Unknown,2000-01-01
9476618,MBA,MBA,Unknown,2000-01-01
8686786,Ravens,Ravens,Unknown,2000-01-01
10129270,минибарса,,Unknown,2000-01-01
8360860,HF,HF,Unknown,2000-01-01
1115421,BBUBU+4,Pensiunn,Unknown,2000-01-01
5076975,New Beginning,NB,Unknown,2000-01-01
8574375,ThunderCoast,,Unknown,2000-01-01
992217,Gofigure,GF,Unknown,2000-01-01
6713506,Kaban,Kaban,Unknown,2000-01-01
2684597,Beyte Tombu,BT,Unknown,2000-01-01
8741219,cyxariki,cyxariki,Unknown,2000-01-01
9492695,Ghost Sheep,,Unknown,2000-01-01
1064548,Celestial eSports,ceL',Unknown,2000-01-01
9538207,Myth Avenue Gaming,MAG,Unknown,2000-01-01
7407260,Team Saiyan,TSaiyin,Unknown,2000-01-01
4259604,Veteran,Veteran,Unknown,2000-01-01
2355689,Malaya Dubna,,Unknown,2000-01-01
8575072,team brasil,BR,Unknown,2000-01-01
7408845,Execration,XctN,Unknown,2000-01-01
8406632,Selemene,Selemene,Unknown,2000-01-01
4592777,Double Dimension,DD,Unknown,2000-01-01
7204148,Flash Point Gaming,fP,Unknown,2000-01-01
5197722,Effect,Effect,Unknown,2000-01-01
7079109,beastcoast,bc,Unknown,2000-01-01
4221905,Exdee Dota 2,xD,Unknown,2000-01-01
8113533,N1ghtmares,N1ght,Unknown,2000-01-01
8746180,NINFAW,NINFAW,Unknown,2000-01-01
59,Kaipi,KP,Unknown,2000-01-01
8620778,МГАФК,МГАФК,Unknown,2000-01-01
8936387,Laos,LAO,Unknown,2000-01-01
8750143,Team Bhedos ,TB,Unknown,2000-01-01
2099608,Luminous.Dota 2,LUMI,Unknown,2000-01-01
2686375,@__@,@__@,Unknown,2000-01-01
7716098,Leopard Gaming,,Unknown,2000-01-01
3718685,MVP.Revolution,MVP.R,Unknown,2000-01-01
6435075,NoLifer5,NL5,Unknown,2000-01-01
1521260,ColourfulRainbows,colR,Unknown,2000-01-01
8936418,Philippines,PHL,Unknown,2000-01-01
7655250,Arassa Deniz,AD,Unknown,2000-01-01
8820860,Overlord,不死者,Unknown,2000-01-01
2701329,Team Freedom Dota 2,Freedom,Unknown,2000-01-01
9651814,Yellow Submarine,,Unknown,2000-01-01
4287101,TEAM EVER,EVER,Unknown,2000-01-01
8969481,Team Sexy,Sexy,Unknown,2000-01-01
9261979,YG,YG,Unknown,2000-01-01
9887333,Dynamo,DYN,Unknown,2000-01-01
6187452,Team.PhoeniX,PhoeniX,Unknown,2000-01-01
6767698,You Rock,YouRock,Unknown,2000-01-01
7282863,Team Sincere,,Unknown,2000-01-01
10061446,Flame esports,FLAME,Unknown,2000-01-01
2679744,Intelligence Quotient xD,IQ,Unknown,2000-01-01
8545488,cybercats,CC,Unknown,2000-01-01
1175580,sQreen's squad v2.0,ss,Unknown,2000-01-01
5039050,Team Kinguin,KGN,Unknown,2000-01-01
8848272,LAST DANCE,LD,Unknown,2000-01-01
7300262,Thunder Predator,ThunderP,Unknown,2000-01-01
7485273,Team Strawberry,TS,Unknown,2000-01-01
8979725,Business Club,bs,Unknown,2000-01-01
8732391,FLUX,FLUX,Unknown,2000-01-01
9440022,Elite Eclipse,EE,Unknown,2000-01-01
8263697,Good Game No Remorse,GGNR,Unknown,2000-01-01
1725846,Chimpanzini Bananini,@LF,Unknown,2000-01-01
6849080,Optimus Amicus,OA,Unknown,2000-01-01
9635581,Eye Gaming,,Unknown,2000-01-01
5028043,Sacred,//////////,Unknown,2000-01-01
7469922,Demon Slayers,DemSlay,Unknown,2000-01-01
6211921,4ayniy Zavar,4Z,Unknown,2000-01-01
6594251,TEAM UKRAINE,UKRAINA,Unknown,2000-01-01
2127330,xant!c,xantic,Unknown,2000-01-01
8829652,Positive Vibes,PV,Unknown,2000-01-01
5066616,Team Serenity,Serenity,Unknown,2000-01-01
6795631,Flower Gaming,FG,Unknown,2000-01-01
8068278,Search you Smolensk,SYS,Unknown,2000-01-01
5682494,Club Deportivo Municipal eSports,CDM,Unknown,2000-01-01
9303964,Chimera,Chimera,Unknown,2000-01-01
7566229,Apollo,,Unknown,2000-01-01
6380237,BlackHole,Bhole,Unknown,2000-01-01
9011260,Unity Gaming,,Unknown,2000-01-01
8475822,RaccoonGaming,RG,Unknown,2000-01-01
2308619,Note,Note,Unknown,2000-01-01
8261242,Team TikTok,TTT,Unknown,2000-01-01
1592768,AG-NoLimitz,AG-NL,Unknown,2000-01-01
8736159,The OutStanding,Ost,Unknown,2000-01-01
9346059,Gantz,Gz,Unknown,2000-01-01
7019918,drop,drop,Unknown,2000-01-01
6763958,Team Odd,Odd,Unknown,2000-01-01
6711721,Old but Gold,gOLD,Unknown,2000-01-01
2191966,Super Trash Brothers,trashBRO,Unknown,2000-01-01
5528506,slojniy memas,slojniymem,Unknown,2000-01-01
9964743,DAVDDCLUB,DD+,Unknown,2000-01-01
7913710,KVP,KVP,Unknown,2000-01-01
6568394,Tentakel-Esport,Tentakel,Unknown,2000-01-01
8407921,SibFamily,SB,Unknown,2000-01-01
977635,TMNTDOTA2,TMNT,Unknown,2000-01-01
7409177,J.Storm,J.Storm,Unknown,2000-01-01
9324046,Continuum Esports Blue,Ce,Unknown,2000-01-01
8335089,Galkynysh Esports,GLKN,Unknown,2000-01-01
9916737,КП(Ф)У ,,Unknown,2000-01-01
9678512,NoLifer5,NL5,Unknown,2000-01-01
8300691,Infinite War,IW,Unknown,2000-01-01
5766651,Lithium,,Unknown,2000-01-01
1218336,Eternal,Eternal,Unknown,2000-01-01
4369633,Entity Gaming,,Unknown,2000-01-01
1827850,Sua Empresa Aqui,SEA,Unknown,2000-01-01
9449669,Business Club,BC,Unknown,2000-01-01
9120269,Yonko,,Unknown,2000-01-01
9055339,saykalitatsh,saya,Unknown,2000-01-01
9741253,Edge,Edge,Unknown,2000-01-01
7667536,MOTIVADE.TRUST GAMING,MG.Trust,Unknown,2000-01-01
9360373,The Mad Ronin,TMR,Unknown,2000-01-01
9819437,Team Yakuza,Yakuza,Unknown,2000-01-01
2429870,TLC GAMING,TLC,Unknown,2000-01-01
2535378,Team FanTuan,FT,Unknown,2000-01-01
7640557,forZe eSports,forZe,Unknown,2000-01-01
9330573,Teiko,,Unknown,2000-01-01
6546834,ReRise,RR,Unknown,2000-01-01
1852655,FuKCing Noobs,F|N,Unknown,2000-01-01
6666979,LOUVRE ESPORTS,Louvre,Unknown,2000-01-01
862976,Megalodon Gaming.,MeGa,Unknown,2000-01-01
9209880,Prodigy Of God,POG,Unknown,2000-01-01
2585648,---uioyuiruy,TLC,Unknown,2000-01-01
9460652,Remittance,,Unknown,2000-01-01
8403929,Salty ,Salty,Unknown,2000-01-01
2860081,team_ftd_a,FTD.a,Unknown,2000-01-01
9409263,Uzbekistan,UZB,Unknown,2000-01-01
2154552,.Skynet.,Sky,Unknown,2000-01-01
6382750,ELFinger Esports,ELF,Unknown,2000-01-01
1966890,London Conspiracy Dota2,LC,Unknown,2000-01-01
8719071,Team Young,Young,Unknown,2000-01-01
7136618,2Be.Dota2,2Be,Unknown,2000-01-01
8598475,黑豚,黑豚,Unknown,2000-01-01
8962567,Star Foxes,SF,Unknown,2000-01-01
2024718,#section80.,#80,Unknown,2000-01-01
9264152,MAG Indonesia,MAG.ID,Unknown,2000-01-01
8936507,FenixTeam,FT,Unknown,2000-01-01
8937275,Lilgun,lg,Unknown,2000-01-01
9628678,Teiko,Teiko,Unknown,2000-01-01
2348036,Alliance Indonesia,[A],Unknown,2000-01-01
9017436,esc,esc,Unknown,2000-01-01
8830022,Poland,POL,Unknown,2000-01-01
5327206,Thunder Predator,ThunderP,Unknown,2000-01-01
8022502,DevilTear,DT,Unknown,2000-01-01
8927440,INFINITY,,Unknown,2000-01-01
8413838,TEAM D,TD,Unknown,2000-01-01
7,DK,DK,Unknown,2000-01-01
8070280,Into The Breach,ITB,Unknown,2000-01-01
460316,UrsaStroitHramm,USH,Unknown,2000-01-01
9973579,chandogs,,Unknown,2000-01-01
5326172,Vzpoura Goliardu ,VZG,Unknown,2000-01-01
3328127,No Strategy,N.S|,Unknown,2000-01-01
2488123,CoreNexGen,CoreNexGen,Unknown,2000-01-01
9956444,4eZaPuCи,4eZa,Unknown,2000-01-01
6330119,Team Solid,TS,Unknown,2000-01-01
3098628,Brain DDOSed,DDOSed,Unknown,2000-01-01
1990162,Moscow Five International,M5.Int,Unknown,2000-01-01
6187626,Tigers,Tigers,Unknown,2000-01-01
570152,Insidious Gaming Int,iSg.Int,Unknown,2000-01-01
2349149,Thunder Awaken PE,[Tw],Unknown,2000-01-01
8049087,Symmetric,Symmetric,Unknown,2000-01-01
2850016,Sanguine Sharks,SHARKS,Unknown,2000-01-01
454891,MEKA.Tt eSPORT,MEKA.Tt,Unknown,2000-01-01
8655598,Apex,Apex,Unknown,2000-01-01
8215803,Сascade Esports,Cascade,Unknown,2000-01-01
7358634,S A D B O Y S . A U,SAD,Unknown,2000-01-01
1730778,Avernus.ir,AvernuS,Unknown,2000-01-01
8701944,Team Domino,TD,Unknown,2000-01-01
9828921,Air Defence,,Unknown,2000-01-01
7237001,Tisumejik Esport,,Unknown,2000-01-01
8811024,Brodie,,Unknown,2000-01-01
3265632,PG.Barracx,BrX,Unknown,2000-01-01
873585,FlawlessFurionFarmers,FFF,Unknown,2000-01-01
1936852,BalkanBearsRo,BB.RO,Unknown,2000-01-01
119,e-Club[MUFC],MUFC.,Unknown,2000-01-01
8687717,Ancient Tribe,ATT,Unknown,2000-01-01
8309784,CyberLife eSports,Clife,Unknown,2000-01-01
94252,The GD B-Team,[GD],Unknown,2000-01-01
9042172,DerzhaWIN,DerzhaWIN,Unknown,2000-01-01
5012612,WipeouT,w/o,Unknown,2000-01-01
8944337,Old G,OLG,Unknown,2000-01-01
1513643,Diego y sus Amigos,DysA-,Unknown,2000-01-01
8336220,The Infinity Gauntlet,TIG,Unknown,2000-01-01
2120771,Team ICE`,ICE,Unknown,2000-01-01
5021898,Team.Serenity,Serenity,Unknown,2000-01-01
6928546,Uvajenie.Hope,Uvj.Hope,Unknown,2000-01-01
8193371,Team Myanmar,,Unknown,2000-01-01
6211207,Dread eSports,Dread,Unknown,2000-01-01
8151502,TEAM STAR,STAR | ,Unknown,2000-01-01
9759380,Team Invictus,TP,Unknown,2000-01-01
7204995,Pusing Gaming,PG,Unknown,2000-01-01
8556552,01 Esports,01,Unknown,2000-01-01
6324964,BITCHBUILD,bb,Unknown,2000-01-01
5638182,Madefake Esports,Mdfk,Unknown,2000-01-01
8359797,Level UP,lvlUP,Unknown,2000-01-01
5031582,2Be.Dota2,-2Be-,Unknown,2000-01-01
3259967,you were my everything.,,Unknown,2000-01-01
2208748,VDuobao,VDuoBao,Unknown,2000-01-01
7300277,KZ TEAM,KZ,Unknown,2000-01-01
1775760,_---_,uFrag,Unknown,2000-01-01
7425071,Yakovlev eSports,YaKs,Unknown,2000-01-01
8195590,Team Kazakhstan,KAZ,Unknown,2000-01-01
2837183,Dragon Slayerzzz,Dragneel,Unknown,2000-01-01
9062430,Universitario  eSports 1,UNV,Unknown,2000-01-01
8462963,AVØID,AVØID,Unknown,2000-01-01
9156114,TEAM FREEDOM ESPORT,TF,Unknown,2000-01-01
2715044,Last Kings,LK,Unknown,2000-01-01
9895270,YBN Team ,YBN,Unknown,2000-01-01
7683797,F.R.I.E.N.D.S,Friends,Unknown,2000-01-01
8144630,Sudor Esports,SDR,Unknown,2000-01-01
1491448,surprise waka waka,wakawaka,Unknown,2000-01-01
7315013,Looking for sponsors,,Unknown,2000-01-01
8588969,HYDRA,HYDRA,Unknown,2000-01-01
6206875,LetMeAimyOu,LMAO,Unknown,2000-01-01
6214701,BIG LIONS,BL,Unknown,2000-01-01
818303,FataL.RaGe.(not)PrO,F.R.N.P,Unknown,2000-01-01
7849151,CR,CR,Unknown,2000-01-01
9136712,2late,NP,Unknown,2000-01-01
3329893,DTT GAMING,,Unknown,2000-01-01
1829282,Denial Esports|,Denial,Unknown,2000-01-01
8513223,Farmadores de Aura,AURA,Unknown,2000-01-01
560622,Sensei gaming.mtrx,O N E,Unknown,2000-01-01
9238400,BeshennayaTamara,Besh,Unknown,2000-01-01
62266,OtherWise,OtherW,Unknown,2000-01-01
9373482,Team Antares,[T.A.],Unknown,2000-01-01
9572608,WW TEAM,,Unknown,2000-01-01
7451388,LieYing Team,,Unknown,2000-01-01
4149284,Place Holder,PH,Unknown,2000-01-01
9677613,Studenite,STUD,Unknown,2000-01-01
10033620,StrongBoys,SB,Unknown,2000-01-01
5029074,Keen Gaming,KG,Unknown,2000-01-01
8300351,zxc and pause,zxc,Unknown,2000-01-01
9641437,Illugi,Illugi,Unknown,2000-01-01
8599217,Slot Seekers,sS.,Unknown,2000-01-01
2052902,Extraordinary-Team,,Unknown,2000-01-01
8118868,We must move forward,WMMF,Unknown,2000-01-01
5260723,Fatal Error,FtE,Unknown,2000-01-01
9724428,Shinigami Gaming,,Unknown,2000-01-01
8359478,Royale 5,R5,Unknown,2000-01-01
5208684,Sporkface Killaz,,Unknown,2000-01-01
9487554,Dark Reef,DarkReef.,Unknown,2000-01-01
8944282,Pull Up,Pup,Unknown,2000-01-01
7422393,Revive,Revive,Unknown,2000-01-01
3262331,Team EVOS,EVOS,Unknown,2000-01-01
9033695,Spartans,,Unknown,2000-01-01
9224769,Looking for org,LFO,Unknown,2000-01-01
8022932,ABEROMON RAFT,ABEROO,Unknown,2000-01-01
7009107,ReRise,RR,Unknown,2000-01-01
2533075,Cloud 9,C9,Unknown,2000-01-01
9181465,Wanderlust,Twt,Unknown,2000-01-01
2447566,Tamo ai na strada,TANS,Unknown,2000-01-01
2337461,Microsoft Corporation,,Unknown,2000-01-01
7299465,MODUS,MODUS,Unknown,2000-01-01
1287653,Assail,^,Unknown,2000-01-01
8793513,Rakuzan,,Unknown,2000-01-01
3927252,Team Buriza,TB,Unknown,2000-01-01
8254145,Execration,XctN,Unknown,2000-01-01
5126720,Clutch Gamers,CG,Unknown,2000-01-01
9247798,Passion UA,PassionUA,Unknown,2000-01-01
1748111,Duza Gaming.,Duza,Unknown,2000-01-01
3931472,New Beginning,NB,Unknown,2000-01-01
9966313,миумиу|>.<,миумиу|>.<,Unknown,2000-01-01
9906210,Teiko,,Unknown,2000-01-01
9426457,GOTF eSports,GF,Unknown,2000-01-01
9671463,Apple City Gang,AppleGG,Unknown,2000-01-01
784775,Cede.Nullis,TCN,Unknown,2000-01-01
9104106,Rakuzan,Rakuzan,Unknown,2000-01-01
8191931,Roshan Gaming,,Unknown,2000-01-01
8032335,OAPB,,Unknown,2000-01-01
9277872,歼星炮,JXP,Unknown,2000-01-01
2537636,Elements Pro Gaming,EPG,Unknown,2000-01-01
7439020,GHOST WALK,GW,Unknown,2000-01-01
9928121,Suhariki,8121,Unknown,2000-01-01
8937383,Mind Games,MG,Unknown,2000-01-01
3931002,is GG,is GG,Unknown,2000-01-01
8091161,HAVU Gaming,HAVU,Unknown,2000-01-01
1422987,Jungles King,JK,Unknown,2000-01-01
3704482,SK-_-'iter (evil)!,SK-_-'iter,Unknown,2000-01-01
8964296,Langlei,LnG,Unknown,2000-01-01
2643401,CDEC.Avenger,,Unknown,2000-01-01
77666,LGD-GAMING.int,LGD.int,Unknown,2000-01-01
2059672,FireDota,Fire,Unknown,2000-01-01
7554685,MR,Mr,Unknown,2000-01-01
8944582,Lilgun,lg,Unknown,2000-01-01
6980042,Team Oracle,Oracle,Unknown,2000-01-01
8056851,Ares Gaming,,Unknown,2000-01-01
8668524,Anonymous Esports,AE,Unknown,2000-01-01
9360657,Team Bocil,TB,Unknown,2000-01-01
7666342,Team Having fun,THF,Unknown,2000-01-01
7170428,MarciusTeam,MT,Unknown,2000-01-01
8526121,Kiba Arms,Kiba,Unknown,2000-01-01
8538452,BINOMIX,BINOMIX,Unknown,2000-01-01
9449931,Outcast,Outcast,Unknown,2000-01-01
9006059,Puppet Masters,PM,Unknown,2000-01-01
8533044,X5,X5,Unknown,2000-01-01
8496605,CREEPWAVE,CREEP,Unknown,2000-01-01
8230622,DALANJING GAMING,,Unknown,2000-01-01
7850349,OGOROD,OGOROD,Unknown,2000-01-01
8168204,team void ,void,Unknown,2000-01-01
8526136,Hardcore Ninja,HN,Unknown,2000-01-01
813776,AncientWarriorsGaming,GoL,Unknown,2000-01-01
7668567,Cloud9,C9,Unknown,2000-01-01
8261152,Sable Hat,SaH,Unknown,2000-01-01
8655309,DGG,DGG,Unknown,2000-01-01
7468885,Focus Arena Junior,FA.Jr,Unknown,2000-01-01
9292719,Acatsuki,acAt,Unknown,2000-01-01
6465093,ForTheDream,FTD,Unknown,2000-01-01
8336498,PentAce,PA5,Unknown,2000-01-01
6266246,MOD ESPORTS,MOD,Unknown,2000-01-01
9302709,Titan,,Unknown,2000-01-01
8604313,DISrespect,DIS,Unknown,2000-01-01
8800176,Purple Paradox,PP,Unknown,2000-01-01
9759368,Nethercore,,Unknown,2000-01-01
5767350,Elements Pro Gaming,EPG,Unknown,2000-01-01
2242024,Quantic.Young,Q.Yo,Unknown,2000-01-01
9143553,x5 Gaming,x5 Gaming,Unknown,2000-01-01
8790759,Deep Ravage,DR,Unknown,2000-01-01
8799593,OTHERS ,others,Unknown,2000-01-01
6685660,fourzerozone,[40z],Unknown,2000-01-01
8540562,Шишки,TD,Unknown,2000-01-01
6165106,ХЕЙТЕРЫ ПОЛИНЫ ,,Unknown,2000-01-01
8118436,Zero,Zero,Unknown,2000-01-01
9530572,Evil Angels ,EvilA.,Unknown,2000-01-01
6462854,Pavaga Junior,PVG.J,Unknown,2000-01-01
6569799,Main Sabun,MSabun,Unknown,2000-01-01
9664424,CHOPAN ESPORTS,CHPN,Unknown,2000-01-01
7391517,Jinx_Pro_Amanda,JPA,Unknown,2000-01-01
9223943,Rabbits of Revenge,Ror,Unknown,2000-01-01
7856045,Dexterity,Dexterity,Unknown,2000-01-01
2224698,O1d Boys,Old boys,Unknown,2000-01-01
9132053,ua rejects,ua,Unknown,2000-01-01
5124585,Alter Ego,AlterEgo,Unknown,2000-01-01
5165603,EPHEMERAL TEAM,PHMRL,Unknown,2000-01-01
10075251,Bayou Bloodseekers,BB,Unknown,2000-01-01
9462373,HardBass Team,HBT,Unknown,2000-01-01
